temperatura_agua_C,oxigenio_dissolvido_mgL,racao_diaria_g,dias_desde_criacao,densidade_tanque_pm3,ph_agua,peso_g
22.5,5.93,28.3,342,8.7,7.25,315.1
29.4,7.71,27.3,357,25.2,8.25,269.9
26.8,9.36,73.4,36,21.2,8.31,76.2
25.2,8.66,27.5,235,9.2,7.49,230.7
19.9,9.03,29.0,143,39.3,7.16,89.7
19.9,8.29,63.2,301,12.5,6.71,319.0
18.7,8.46,41.5,112,7.4,8.41,137.2
28.4,9.25,64.4,208,25.8,6.62,230.3
25.2,6.25,14.6,239,30.9,7.1,148.7
26.5,7.45,44.1,357,6.1,7.1,374.4
18.2,6.11,12.4,153,28.1,7.14,62.2
29.6,9.94,14.4,142,23.6,6.83,85.4
28.0,9.72,73.5,41,8.6,8.07,130.5
20.5,5.2,19.7,155,11.0,6.74,119.1
20.2,8.53,47.3,82,24.9,7.77,76.1
20.2,9.63,38.8,360,15.4,6.75,368.4
21.7,5.9,34.3,312,37.8,6.64,196.4
24.3,7.84,73.0,169,33.7,8.32,144.2
23.2,9.58,11.5,126,39.4,6.88,63.6
21.5,5.17,56.5,34,14.1,8.14,66.5
25.3,8.49,77.4,86,38.9,7.59,69.3
19.7,6.49,49.2,363,20.1,6.66,303.3
21.5,9.62,75.6,98,17.2,8.41,150.7
22.4,9.86,13.7,147,6.8,6.99,176.9
23.5,9.72,39.3,88,6.8,8.22,170.2
27.4,7.37,28.2,62,29.2,6.84,50.0
20.4,9.31,61.2,347,21.0,8.21,356.7
24.2,9.22,78.7,79,12.9,6.53,178.1
25.1,6.6,28.0,48,26.5,7.52,78.2
18.6,9.14,55.8,243,13.9,8.04,240.2
25.3,5.19,23.9,226,25.2,8.37,126.8
20.0,7.98,49.6,76,17.6,8.32,104.9
18.8,6.15,42.5,196,33.8,8.14,147.3
29.4,5.6,78.0,318,33.7,8.28,211.5
29.6,5.38,52.6,170,21.7,6.9,141.0
27.7,8.48,34.5,113,17.3,7.07,113.2
21.7,6.7,18.0,211,17.7,7.08,181.5
19.2,8.62,20.6,108,33.2,7.25,57.9
26.2,5.33,25.8,244,16.5,7.29,241.2
23.3,6.58,27.6,43,12.3,7.59,69.4
19.5,7.7,69.5,244,8.0,6.82,322.7
23.9,8.95,49.3,157,21.3,7.88,170.6
18.4,6.59,46.6,339,21.9,6.84,305.0
28.9,8.13,18.0,277,34.4,7.12,187.0
21.1,9.43,70.2,58,12.7,7.51,191.9
26.0,8.08,60.6,309,18.3,8.09,266.0
21.7,6.16,14.7,348,33.3,7.98,190.7
24.2,5.12,59.5,231,33.8,7.79,228.6
24.6,9.35,48.0,86,18.5,6.81,117.3
20.2,5.11,15.7,247,21.1,7.59,152.5
29.6,9.37,42.1,91,15.6,6.67,93.7
27.3,7.64,43.9,186,37.6,7.25,162.5
29.3,9.7,21.6,231,9.2,7.33,203.2
28.7,8.99,76.2,46,37.7,6.58,54.0
25.2,9.99,69.5,351,28.9,7.05,342.3
29.1,6.75,56.8,35,23.6,8.41,58.3
19.1,8.84,42.4,87,6.1,8.41,112.2
20.4,7.01,38.8,354,21.6,7.2,314.8
18.5,7.4,55.6,347,19.3,6.59,279.5
21.9,8.14,48.2,198,10.6,6.86,290.0
22.7,9.37,14.4,111,28.0,7.28,83.4
21.3,9.92,45.9,248,39.0,8.4,179.8
27.9,8.84,66.4,206,24.7,6.78,256.5
22.3,7.09,42.1,233,30.0,8.03,164.7
21.4,7.11,13.6,100,7.4,6.72,151.2
24.5,8.69,65.0,295,19.6,8.46,286.9
19.7,6.19,24.1,127,9.1,7.26,149.0
27.6,5.55,28.1,320,26.4,8.05,207.2
18.9,6.77,21.5,237,37.8,7.19,98.9
29.8,6.44,33.1,31,28.2,7.76,50.0
27.3,6.48,63.0,153,7.7,6.88,221.7
20.4,6.17,46.4,309,17.4,6.79,242.6
18.1,5.21,24.3,103,24.3,8.38,50.0
27.8,5.09,71.4,195,19.1,8.34,215.4
26.5,9.94,71.6,51,34.2,8.27,86.0
26.7,7.14,70.9,183,33.5,7.75,154.8
27.3,6.92,26.7,324,26.4,8.12,219.5
18.9,8.4,41.6,248,18.1,6.64,275.7
22.3,6.09,78.9,186,13.9,7.17,206.0
19.4,9.75,64.0,259,8.7,7.13,312.3
28.4,8.93,11.9,49,17.4,7.77,50.0
25.5,5.45,14.6,70,19.5,7.21,84.6
22.0,7.09,42.5,177,28.7,6.8,145.9
18.8,9.4,73.6,137,28.0,7.69,160.1
21.7,9.72,47.7,113,7.5,8.13,243.5
21.9,7.34,44.8,351,18.8,7.26,311.2
26.8,8.07,17.4,338,11.4,6.76,344.3
25.7,5.84,56.0,319,10.5,6.89,314.3
28.6,9.96,67.5,352,34.0,6.97,309.2
23.7,6.16,36.6,163,6.5,7.1,266.7
19.4,9.71,64.3,236,19.7,7.79,248.4
26.6,8.25,77.5,312,10.9,7.7,320.0
27.1,8.04,24.3,295,35.8,7.89,201.2
24.7,7.56,46.6,102,24.5,7.23,116.5
27.3,6.15,30.1,77,13.1,8.15,83.2
23.9,5.88,65.5,355,22.6,6.91,332.4
24.3,6.1,50.4,262,30.6,7.44,276.5
23.1,5.93,54.4,129,38.5,8.1,92.3
18.3,8.9,65.9,88,12.7,6.86,123.2
19.3,6.75,37.7,287,36.0,6.72,193.2
18.4,5.29,74.1,94,37.7,8.27,50.0
25.6,9.85,47.3,112,37.1,7.19,100.1
21.8,9.42,21.1,183,27.2,7.87,119.2
24.1,9.64,58.7,295,27.0,6.55,341.7
28.9,9.97,65.5,338,19.1,7.88,318.6
21.0,5.87,32.2,108,31.3,7.13,80.3
22.9,6.98,70.0,344,23.6,6.61,319.6
27.1,8.79,73.4,179,28.7,7.72,162.4
20.7,8.48,29.4,77,20.0,6.98,90.6
18.9,5.77,78.8,277,30.6,7.27,256.3
21.5,9.08,19.8,307,33.9,6.66,232.3
19.9,6.12,24.1,127,10.1,6.79,57.2
29.2,6.12,22.9,54,34.2,7.1,50.0
27.7,7.68,72.6,313,23.9,6.68,324.1
25.6,7.96,55.8,330,34.6,8.32,238.3
28.5,7.9,20.6,97,20.1,6.51,76.6
27.6,5.46,40.8,36,18.3,7.47,50.0
20.2,9.39,53.1,334,37.0,6.75,287.2
28.7,6.33,15.8,166,13.8,7.12,161.5
24.5,5.65,71.8,193,34.5,8.35,175.2
27.7,9.44,66.3,112,21.9,6.82,180.5
28.8,9.78,45.4,167,23.0,8.43,190.4
21.8,9.31,77.7,102,15.8,6.91,157.0
19.3,9.05,39.2,266,25.1,7.98,200.7
20.7,8.28,78.9,75,16.4,7.59,171.6
23.1,7.75,56.8,135,6.4,8.27,222.0
27.8,5.43,54.4,317,14.5,7.61,276.6
28.3,7.04,21.6,291,5.2,7.57,253.9
18.1,6.86,71.7,205,39.2,6.89,138.2
24.1,6.3,39.9,195,38.8,6.83,89.8
23.0,8.62,21.4,174,18.8,8.33,118.4
20.7,7.48,10.9,359,30.5,7.16,221.5
19.4,5.41,49.2,312,17.1,7.24,271.8
22.1,6.1,46.9,83,28.5,8.02,67.7
29.3,8.42,60.4,207,33.2,7.18,192.3
21.9,5.38,72.3,273,38.1,8.4,187.5
24.2,9.26,15.6,156,19.0,7.98,131.9
26.4,7.48,61.2,300,32.4,7.69,258.2
22.4,7.4,23.1,161,14.3,8.26,106.8
29.7,7.96,70.1,122,39.7,6.6,112.9
29.5,9.12,67.3,102,5.9,7.01,221.1
21.0,6.74,47.9,277,26.1,7.43,220.9
24.0,8.39,59.7,302,28.1,6.95,281.1
21.6,7.83,32.0,72,29.1,7.99,76.0
21.4,6.34,43.0,70,9.2,8.34,93.2
18.4,9.39,67.5,199,37.8,7.35,188.6
25.3,8.99,42.1,241,11.3,7.18,272.7
24.0,8.29,35.0,197,26.8,8.42,199.9
18.6,9.25,44.6,68,12.8,7.39,127.8
21.3,9.34,68.0,274,15.8,7.48,324.4
28.9,8.54,33.5,180,24.1,7.2,172.2
20.9,9.19,22.2,140,19.6,8.32,102.9
19.7,8.49,59.8,76,10.6,7.64,129.2
23.9,8.4,67.8,92,11.0,8.02,191.4
29.8,8.09,17.0,254,19.6,8.12,188.0
20.9,8.76,26.8,98,31.5,7.18,50.0
26.1,5.79,19.9,328,36.4,7.37,257.6
27.1,9.4,34.4,319,7.9,8.2,338.2
20.9,9.36,41.5,325,18.8,7.23,314.7
26.7,5.15,62.4,232,8.5,8.09,239.2
22.4,9.13,55.6,90,5.6,8.38,169.2
25.6,5.64,53.5,347,28.2,7.75,297.3
25.6,6.68,34.7,343,26.1,7.98,217.4
24.4,8.72,68.9,190,10.7,8.11,305.0
19.1,5.8,43.0,360,13.2,8.19,284.8
28.0,9.09,78.5,45,5.8,7.29,165.5
21.8,9.16,54.4,123,34.2,6.6,113.5
20.2,7.54,18.8,333,39.1,7.3,262.9
18.5,5.03,57.3,167,9.7,7.85,173.5
25.1,6.44,32.8,67,13.1,7.4,135.9
26.1,8.08,58.0,156,35.4,8.0,137.6
18.2,9.91,14.9,304,37.4,7.21,177.6
24.1,8.16,22.2,193,19.7,7.77,178.6
20.7,6.3,69.9,348,6.8,6.87,368.1
25.7,8.17,25.9,106,6.4,8.0,111.2
20.1,7.7,68.6,203,25.1,7.59,214.6
26.3,8.9,29.5,350,18.8,6.91,314.8
22.6,5.53,55.0,120,6.0,7.08,193.7
29.2,8.81,58.6,267,25.4,8.0,243.4
19.7,7.71,45.9,293,5.4,7.47,293.8
22.1,9.81,31.4,208,32.6,6.93,190.2
19.4,6.71,24.9,238,15.7,8.43,165.6
29.1,8.16,12.3,102,6.4,7.93,50.0
28.5,9.66,31.3,136,25.6,8.41,105.4
21.1,5.51,55.7,324,18.9,7.35,283.4
25.9,9.69,75.7,313,39.1,7.45,297.4
27.8,8.44,71.0,211,24.0,8.3,260.3
24.7,5.34,63.6,66,14.6,7.55,168.7
24.4,6.5,65.2,166,29.8,7.91,153.6
20.9,8.54,56.5,85,14.5,7.0,122.2
19.1,5.34,28.2,216,36.6,7.39,128.2
28.8,7.91,73.5,287,18.1,6.75,287.0
28.8,6.73,57.0,87,24.2,6.91,101.5
25.6,8.1,49.2,152,6.8,6.5,187.5
22.1,5.23,17.8,217,19.9,6.58,162.2
22.2,9.36,41.3,259,34.1,8.45,175.7
26.7,9.87,42.2,197,33.2,6.98,200.7
28.8,9.84,70.5,143,12.9,7.83,190.5
28.6,8.75,48.3,281,12.9,8.18,290.0
27.4,5.65,36.6,136,33.6,7.6,50.0
25.7,8.79,78.4,66,37.6,6.81,108.5
19.0,5.12,17.8,364,8.3,7.96,266.7
19.9,5.11,39.6,121,20.8,7.7,101.2
28.8,6.62,12.9,47,16.8,7.96,50.0
25.3,7.44,61.8,92,35.5,8.04,73.3
18.1,8.85,74.3,179,7.9,8.45,202.1
19.2,8.42,29.6,168,12.4,7.65,182.0
26.0,7.23,70.1,215,31.3,7.18,189.7
18.1,6.37,30.5,214,6.8,7.8,189.5
19.9,9.99,73.8,234,22.2,6.64,265.9
24.6,7.13,62.8,289,20.5,8.29,311.6
26.3,7.26,66.3,243,16.7,6.74,263.0
25.8,5.82,11.3,285,18.8,7.16,223.1
20.7,8.97,77.4,164,23.5,8.13,210.1
26.5,8.47,60.9,90,10.6,7.69,160.8
20.8,6.1,31.3,339,25.0,7.29,282.5
21.9,5.41,68.1,117,33.2,7.45,131.6
27.0,8.4,29.7,353,31.6,8.21,248.8
25.8,8.27,71.1,236,10.4,7.18,218.8
28.2,6.37,17.9,158,10.2,8.24,108.0
25.9,9.75,59.3,340,14.4,6.68,389.2
24.8,5.76,47.8,32,17.6,8.05,54.5
19.1,7.16,16.8,271,19.3,8.2,186.0
22.4,9.72,26.9,150,28.8,6.86,159.0
21.2,7.1,10.9,131,7.0,7.36,135.3
20.9,8.19,42.8,67,6.2,6.83,78.4
29.7,6.99,31.1,162,18.7,7.91,89.2
22.7,6.37,51.9,231,29.4,7.57,207.1
28.7,9.92,30.8,50,11.8,7.77,86.8
25.6,7.05,31.0,271,27.5,6.89,251.2
27.5,9.47,62.0,138,14.1,6.92,178.5
24.0,6.15,13.4,332,36.0,6.58,202.6
24.9,6.07,73.2,113,36.3,7.14,90.3
23.9,5.16,69.7,112,15.4,7.62,146.4
20.3,8.26,56.7,320,13.0,8.22,266.9
26.7,6.84,51.5,98,19.4,7.83,102.5
21.4,9.32,72.5,158,13.4,7.37,231.1
18.3,7.37,23.0,225,28.5,8.41,127.7
25.7,9.84,15.5,169,33.9,7.94,161.9
20.1,5.93,26.8,312,28.6,8.36,248.7
29.3,9.34,65.6,341,33.9,7.56,275.1
29.4,8.88,12.4,263,18.9,7.02,160.4
29.0,8.85,50.8,52,10.5,6.61,105.2
22.4,9.22,79.7,182,30.8,7.95,209.9
18.2,8.81,69.9,306,17.6,6.74,289.4
29.1,8.13,46.5,90,28.5,7.11,62.1
23.1,5.66,14.5,348,14.5,7.56,326.0
29.6,5.16,68.2,81,7.8,7.63,124.2
29.6,9.6,51.9,182,39.7,7.7,147.0
28.2,8.08,18.0,266,10.5,6.83,218.0
21.5,8.98,16.6,340,39.6,7.26,231.2
22.6,7.41,73.7,331,39.2,7.73,269.6
28.2,5.59,56.8,61,32.8,8.44,50.0
21.8,5.63,68.1,84,28.1,7.96,113.5
20.0,8.43,71.5,65,25.2,8.35,54.1
24.7,7.15,50.0,139,35.3,8.02,110.4
29.2,6.0,46.2,206,15.1,7.68,180.8
26.4,7.46,40.1,343,21.4,6.88,311.6
24.8,5.32,32.2,324,26.7,7.83,235.4
19.2,7.91,40.4,126,19.4,7.75,143.4
25.4,6.34,64.2,242,20.0,7.7,221.7
29.9,8.99,52.1,346,16.6,7.48,358.5
19.7,6.55,72.5,166,24.7,7.56,170.6
24.2,7.28,41.0,35,34.8,7.17,50.0
28.5,5.06,52.5,138,12.1,7.54,167.6
26.9,5.36,54.2,64,37.7,6.9,50.0
26.4,6.96,51.4,68,29.1,8.11,50.0
26.4,7.4,59.2,179,33.8,6.87,162.8
22.3,8.0,26.6,147,24.5,6.67,147.1
21.5,6.46,45.9,290,32.3,7.37,259.3
27.7,8.47,17.3,116,5.6,7.82,126.2
27.7,9.3,36.9,105,33.6,7.38,85.2
28.4,8.9,44.1,342,6.4,7.05,357.1
29.0,5.2,55.7,243,36.1,7.62,200.9
24.1,7.4,76.5,314,39.7,7.19,262.1
24.0,5.52,52.0,268,15.3,8.37,240.2
27.6,6.21,62.1,194,12.4,8.35,182.4
25.8,9.93,45.4,116,31.8,7.5,81.0
26.4,5.71,54.4,170,13.9,7.16,199.8
27.5,7.49,15.0,189,35.3,7.97,131.8
28.7,8.09,27.8,75,8.6,6.57,93.7
22.1,8.51,35.3,141,9.4,7.45,159.3
22.5,7.8,43.1,74,39.3,7.17,52.9
19.1,5.05,13.2,276,28.6,8.34,161.3
24.9,6.63,19.8,133,34.6,6.52,57.6
18.4,7.59,29.4,114,16.4,7.61,140.0
23.6,5.44,78.0,163,28.7,7.98,143.7
24.5,6.75,33.2,137,25.8,7.47,111.2
21.4,5.17,43.7,47,26.1,6.67,50.0
25.1,5.39,23.7,123,28.9,8.44,63.4
18.4,6.98,52.8,179,25.1,7.54,156.1
18.4,5.66,29.6,275,20.0,7.73,173.3
27.9,7.84,24.5,318,14.7,6.97,339.0
22.3,8.45,46.2,238,31.9,7.47,198.9
19.5,9.0,10.4,155,12.9,7.36,149.2
24.3,6.0,10.5,264,29.2,6.65,187.4
27.2,5.84,25.3,151,13.2,6.71,118.2
20.6,5.52,12.6,167,26.9,8.17,78.8
25.5,8.18,17.6,144,31.1,6.98,80.3
19.0,8.53,33.7,191,12.7,6.89,205.4
18.6,5.16,66.2,230,7.1,7.51,246.1
24.4,9.68,50.0,263,9.6,8.04,307.4
24.5,5.26,45.9,57,26.2,6.62,50.0
25.6,7.71,30.5,40,34.7,7.65,50.0
26.7,8.55,75.2,235,6.6,6.74,271.3
29.7,9.35,37.8,196,30.7,6.57,128.9
24.2,8.57,16.1,276,16.9,6.61,180.7
21.9,9.01,53.2,76,21.7,8.17,94.9
27.5,6.7,18.0,275,37.5,6.74,144.0
21.2,9.07,34.2,156,16.6,6.59,167.7
23.3,5.4,45.5,176,21.3,7.38,169.1
18.9,9.47,71.2,147,5.5,8.19,251.3
18.3,7.74,44.5,181,7.9,7.02,272.3
29.6,9.09,59.2,101,14.1,7.34,182.9
28.0,7.26,79.5,166,6.0,6.58,226.5
26.4,8.22,19.2,204,27.1,7.4,143.8
22.9,7.63,29.2,318,19.9,7.66,298.5
20.1,8.66,37.6,48,24.2,7.64,50.0
19.9,5.41,39.5,224,11.1,7.16,209.4
21.0,5.3,38.8,359,15.4,7.13,309.2
24.6,6.24,73.5,204,28.2,6.71,218.8
26.6,5.8,60.0,170,38.8,7.23,141.1
25.9,9.36,52.6,275,6.8,6.7,300.4
21.4,6.1,31.7,122,36.2,8.03,50.0
29.5,9.88,67.7,268,25.2,8.43,261.0
26.9,6.68,76.9,234,24.7,8.44,201.1
24.7,5.91,67.5,77,22.5,8.23,129.0
25.3,8.95,10.1,274,7.4,7.7,279.8
23.0,8.29,54.5,349,8.1,7.9,372.5
21.0,7.49,13.6,346,26.0,7.07,268.5
22.3,7.78,28.0,324,16.9,7.76,273.6
27.1,8.6,14.2,157,37.1,7.41,66.2
18.2,6.14,52.3,311,19.2,7.46,260.8
19.4,9.98,58.1,46,10.0,8.02,131.7
18.6,9.87,18.0,100,30.0,7.06,68.3
18.5,8.25,36.9,298,15.3,7.14,266.2
28.3,6.0,41.9,354,23.4,8.35,287.9
26.4,8.4,35.8,311,29.4,6.61,243.6
23.7,5.36,18.5,334,36.5,7.47,198.6
19.2,5.15,39.3,36,32.7,8.33,50.0
23.9,6.29,62.6,343,28.7,7.72,277.6
23.7,7.31,15.0,334,28.8,7.59,205.8
20.1,9.34,15.6,132,38.1,7.0,63.0
23.2,8.64,34.8,338,15.4,7.19,314.9
22.8,8.71,75.9,222,5.0,8.2,291.4
25.4,7.13,56.8,270,14.5,7.62,258.8
25.6,6.73,57.5,91,12.6,7.53,174.1
18.5,6.86,35.3,46,28.2,6.7,50.0
22.5,9.94,51.6,200,27.2,6.53,188.9
25.5,5.2,10.7,54,25.8,8.43,50.0
24.0,9.34,54.5,280,5.6,7.25,311.7
28.3,7.89,73.9,282,30.5,7.71,220.3
25.9,7.19,52.9,236,16.3,6.66,251.0
20.0,8.63,71.2,58,28.3,7.87,73.3
18.8,7.43,60.7,146,24.5,8.37,106.6
25.7,9.37,18.4,311,17.0,7.65,293.2
18.3,9.5,73.2,173,9.7,6.75,218.3
25.0,7.11,14.7,54,8.3,7.66,72.0
29.3,6.38,47.4,339,34.1,8.03,214.0
24.9,7.96,19.9,185,37.1,7.31,125.5
22.7,9.56,10.8,102,27.7,8.26,93.9
25.7,6.05,39.5,149,8.6,7.8,123.0
23.5,8.11,30.7,341,19.1,8.3,295.9
24.5,8.16,44.0,350,30.5,7.75,314.6
29.3,8.67,50.4,122,32.3,6.76,87.4
22.6,5.66,13.1,115,9.1,7.12,89.5
29.5,8.58,18.6,147,5.0,6.9,173.3
28.9,9.55,49.1,262,29.9,8.32,235.9
20.3,5.9,34.0,228,17.5,8.02,207.4
18.8,6.19,61.0,235,13.9,7.85,241.9
19.2,9.86,55.7,176,5.5,7.1,249.0
18.2,5.9,69.2,300,23.9,6.87,243.4
19.1,9.27,58.5,168,34.8,8.01,157.8
26.2,7.46,40.1,210,38.5,7.45,165.7
18.9,6.24,57.1,59,24.8,6.95,50.0
21.8,9.35,29.3,86,23.0,7.73,98.4
28.1,7.23,31.4,261,8.0,6.58,265.7
18.3,7.57,65.2,175,24.2,7.15,201.6
27.8,6.8,41.2,77,18.3,7.44,87.0
21.4,7.96,65.9,223,26.2,6.8,201.1
19.4,5.82,67.6,253,18.6,8.47,215.6
26.4,6.96,70.0,165,13.4,6.92,190.0
25.5,9.85,74.2,51,8.3,6.76,166.6
28.5,6.29,40.2,35,16.0,6.91,50.0
26.8,8.28,32.3,233,8.4,8.04,290.5
27.6,6.63,50.8,268,11.2,7.35,297.7
21.4,8.87,36.0,214,39.6,7.63,170.5
20.1,5.65,52.1,321,20.5,6.54,284.1
27.0,9.85,59.4,364,23.6,6.57,335.1
27.7,7.27,58.2,249,35.6,7.39,193.2
29.9,6.18,36.2,145,39.8,8.13,50.0
23.0,5.37,21.7,342,25.4,8.27,244.9
22.5,5.85,40.1,78,33.4,6.67,50.0
27.3,7.6,20.0,202,16.4,7.58,174.6
22.1,6.69,72.3,111,15.7,8.33,143.6
29.2,9.14,34.2,351,19.1,7.28,298.1
28.3,7.15,20.8,362,28.5,8.16,212.8
23.1,6.24,11.8,74,28.9,6.77,56.3
27.0,8.09,55.2,364,16.0,8.37,392.2
27.1,8.53,54.6,49,9.7,8.0,144.2
19.2,5.84,33.8,250,27.1,8.38,129.3
28.8,5.84,15.0,152,9.5,7.85,142.7
24.1,5.18,38.7,263,25.2,7.23,247.3
27.9,8.68,31.8,250,29.3,8.38,168.5
21.8,8.32,57.4,352,29.5,7.05,328.0
28.7,7.37,52.4,32,31.4,7.16,50.0
22.7,9.22,35.5,211,35.6,7.9,196.8
18.1,9.03,25.3,235,22.5,8.03,189.1
28.9,7.93,79.2,349,30.6,8.36,277.9
19.1,9.34,41.8,69,26.7,6.91,88.9
21.8,6.03,58.2,88,11.5,8.1,152.6
29.4,5.56,19.8,91,5.9,7.98,88.5
29.4,6.35,44.0,161,15.0,6.63,163.7
24.9,5.29,11.9,89,20.5,7.27,59.1
25.6,7.66,45.4,360,26.6,7.07,285.7
23.4,9.68,77.5,151,34.7,7.11,178.6
21.5,5.2,36.9,136,11.9,8.47,135.6
21.9,5.61,12.7,125,9.4,7.79,107.8
26.1,7.26,12.2,264,38.7,7.94,163.7
27.0,9.67,37.2,91,8.8,8.45,119.9
27.5,6.58,21.2,285,21.7,7.25,215.8
27.5,7.54,11.6,78,25.5,8.1,50.0
19.1,5.21,62.9,188,23.9,7.37,175.8
23.9,5.74,42.1,153,8.0,8.24,163.4
18.7,9.93,30.2,346,7.0,6.86,366.8
24.6,9.83,73.0,236,8.7,8.4,285.1
23.3,5.02,18.1,77,25.5,6.94,50.0
28.7,9.76,76.9,165,24.1,7.15,137.6
22.2,8.2,32.0,230,13.2,8.01,210.2
19.4,9.34,72.2,279,27.3,7.29,312.9
19.7,7.27,52.2,343,33.7,7.72,212.7
27.1,7.58,67.9,347,6.5,7.39,358.6
25.4,7.44,78.9,324,22.4,7.98,335.0
19.2,8.33,30.2,343,29.1,6.96,207.4
19.0,5.7,77.3,238,13.8,6.62,240.3
26.4,5.15,37.3,240,15.8,7.1,246.3
18.9,6.54,37.0,221,26.5,7.45,217.1
27.9,8.52,33.8,73,36.4,6.84,50.0
26.5,6.01,47.9,58,33.3,7.21,50.0
19.0,8.37,20.8,88,25.4,7.3,50.0
19.0,9.85,48.8,100,30.6,6.61,95.1
29.8,5.47,47.9,121,17.8,7.67,116.2
22.5,8.36,63.3,294,27.4,8.27,314.1
22.4,7.22,68.4,249,21.3,6.8,284.4
27.8,9.34,40.8,244,11.6,7.7,259.3
29.4,5.89,31.2,306,29.6,7.83,195.5
29.8,8.46,28.2,93,24.5,7.34,148.8
27.0,9.19,23.6,321,17.6,7.9,294.0
22.5,9.72,14.0,274,36.9,7.32,177.3
19.0,8.42,34.0,91,5.7,7.51,129.4
27.3,7.49,28.9,361,16.1,6.51,284.6
24.7,8.09,77.6,199,7.0,7.88,219.2
23.1,9.34,49.0,298,31.8,7.82,267.8
28.9,7.85,34.3,296,29.6,6.58,262.2
19.3,5.15,50.6,83,16.6,7.24,56.1
23.9,9.65,19.7,45,28.6,8.46,50.0
18.1,8.45,41.1,37,18.9,7.34,50.0
23.6,8.38,53.8,133,31.5,7.5,148.9
18.7,6.08,44.2,88,20.9,8.32,58.7
19.4,8.29,38.1,342,19.4,7.93,258.1
19.4,6.97,79.6,69,37.7,7.66,50.0
25.8,8.26,71.6,266,13.8,8.1,276.7
27.0,5.53,53.6,123,9.2,8.23,179.1
25.0,8.29,49.9,251,25.5,7.41,274.1
29.5,10.0,53.4,233,38.9,7.45,176.0
22.5,5.24,24.1,167,18.2,7.27,172.3
21.4,9.89,37.7,329,7.2,8.43,325.4
28.4,7.03,12.8,236,16.9,7.89,167.8
20.7,9.35,43.3,110,22.7,6.67,122.5
29.6,8.91,48.0,247,10.7,8.23,256.1
18.1,7.84,25.9,31,28.0,7.46,50.0
29.6,8.69,77.5,207,39.9,6.64,172.3
18.5,9.39,73.7,308,20.8,7.6,334.5
28.7,7.02,60.6,175,17.4,7.33,196.0
24.3,6.64,47.3,347,19.0,8.26,308.9
29.9,8.34,70.9,253,9.0,6.91,307.0
18.9,9.04,19.1,91,35.9,8.15,50.0
24.6,8.81,65.3,323,19.5,7.62,336.0
29.6,8.99,18.7,268,18.6,6.61,204.1
24.3,7.18,65.6,224,28.1,8.44,209.7
25.6,9.09,29.3,195,20.5,7.53,149.1
26.3,5.6,71.4,251,27.7,7.08,230.0
23.5,7.72,76.1,90,7.2,7.44,134.6
25.5,5.03,20.4,158,33.5,8.22,50.0
25.0,6.62,42.4,202,37.9,7.11,99.7
28.8,6.83,78.7,185,27.7,6.89,212.2
18.5,6.98,43.8,139,38.4,6.76,71.4
21.4,8.48,70.4,298,10.3,7.1,314.4
29.4,6.94,51.2,307,21.7,8.06,268.2
28.7,7.24,36.3,103,26.1,7.44,104.5
23.5,6.19,30.0,236,25.4,6.95,203.6
25.4,6.87,24.2,308,19.1,6.83,254.7
21.3,6.14,63.3,355,16.8,7.17,351.7
20.3,5.37,37.1,233,9.4,8.38,227.6
23.6,8.02,45.8,190,18.7,7.19,201.0
22.2,8.34,44.5,57,10.7,8.48,100.9
25.0,8.1,50.4,286,30.7,7.47,245.6
18.9,7.32,70.6,194,12.3,6.86,191.5
29.7,6.9,78.7,92,7.0,8.28,177.7
29.8,9.32,38.5,51,24.3,7.42,109.3
26.4,7.6,67.9,99,25.8,7.92,97.0
24.4,7.4,63.5,125,35.5,8.47,125.6
21.7,5.13,50.1,192,25.2,6.6,135.9
27.8,6.71,76.9,108,17.1,6.69,157.3
26.2,6.9,24.0,34,33.1,7.94,50.0
20.0,6.99,17.6,345,23.9,7.06,247.4
28.9,7.9,69.8,149,7.8,6.87,213.6
27.9,7.67,40.7,331,24.8,6.58,225.7
29.4,8.04,69.3,207,36.8,6.54,148.7
26.7,8.82,72.5,205,18.9,8.05,188.2
25.4,9.06,14.4,246,15.4,6.77,236.4
23.0,8.59,71.8,85,10.0,7.44,204.5
29.2,9.78,41.4,216,10.3,7.71,230.6
28.4,5.09,45.7,261,20.1,7.36,228.2
18.5,5.98,53.9,284,25.8,6.55,216.5
18.3,5.04,74.8,133,7.8,8.07,188.7
22.5,8.24,11.3,106,37.9,6.52,50.0
27.7,9.49,43.4,259,31.4,8.02,158.0
29.8,6.22,58.1,287,25.5,8.29,248.0
19.8,9.64,60.6,293,34.0,7.37,250.3
25.1,5.3,58.5,360,7.8,7.57,332.9
22.6,9.67,19.4,211,21.7,7.45,181.9
29.6,6.76,31.0,285,27.1,7.28,163.6
28.1,5.51,35.1,67,34.0,8.27,50.0
28.1,7.43,66.3,205,32.4,8.29,169.3
23.6,6.28,29.5,56,14.7,7.17,89.8
23.0,6.42,24.7,305,37.9,7.73,203.8
21.3,6.54,77.0,169,9.4,8.35,216.6
18.7,9.02,10.6,328,35.6,8.42,174.6
28.4,7.7,79.8,316,39.0,7.52,265.8
27.8,6.56,57.4,120,11.2,7.41,151.8
30.0,8.05,68.0,90,30.3,7.06,56.7
30.0,8.58,30.6,192,6.4,8.42,169.3
24.7,6.36,11.0,172,19.2,6.79,155.1
27.2,7.07,61.7,282,23.1,7.66,302.9
29.3,5.61,68.4,298,25.3,7.07,278.9
28.2,5.91,61.8,320,37.8,7.06,281.0
21.0,8.41,20.0,216,28.5,7.31,164.8
23.4,5.91,62.7,333,21.8,8.5,338.3
19.5,7.63,63.8,320,33.3,6.61,313.1
29.4,8.55,56.1,115,38.3,7.66,50.0
25.3,5.53,63.6,195,5.8,6.67,248.4
20.7,7.84,69.2,143,39.4,6.81,121.7
26.1,6.28,53.0,212,8.0,7.38,235.9
25.4,9.81,16.2,236,33.5,7.52,185.7
22.3,7.42,44.1,285,14.8,7.02,285.6
19.4,9.03,15.4,264,9.6,7.13,232.5
26.1,7.75,38.5,32,20.4,6.67,52.2
24.2,5.22,38.5,237,27.5,7.11,222.1
27.3,8.17,14.6,226,18.3,8.43,173.9
24.2,9.76,34.4,154,6.9,8.39,212.6
28.2,8.01,17.8,167,26.0,7.17,114.5
24.6,9.1,66.6,54,36.6,7.64,85.8
24.7,9.42,76.3,97,18.4,8.32,133.4
28.5,6.14,15.1,90,12.6,6.51,54.9
22.8,6.06,76.9,58,20.5,8.12,99.4
19.6,8.05,46.6,48,6.7,8.4,63.1
18.3,7.06,31.0,200,33.7,6.68,95.9
27.1,9.2,15.4,103,33.9,6.82,59.2
25.4,9.5,45.0,90,25.6,8.42,97.6
26.4,6.77,65.6,182,17.4,7.58,228.0
20.6,6.18,59.5,305,33.0,6.53,221.9
19.6,8.9,13.5,77,24.4,7.02,53.9
18.2,6.37,15.1,240,33.9,7.4,112.4
22.2,9.11,38.2,168,27.1,7.89,167.7
25.1,7.12,30.7,139,32.5,7.97,117.2
22.7,8.34,26.3,212,25.9,8.49,170.4
23.2,5.48,29.7,57,19.5,7.08,87.2
28.8,8.12,66.2,226,38.5,7.58,181.1
22.2,7.26,75.0,220,23.9,7.57,256.9
24.2,7.93,38.4,344,26.2,7.31,305.1
27.4,5.84,73.4,80,12.7,6.84,112.5
22.8,8.68,32.5,178,26.9,8.45,145.7
25.5,9.31,43.4,297,25.0,8.21,237.5
28.3,6.08,25.8,79,11.5,7.5,141.4
29.4,5.48,54.8,275,7.1,7.71,265.6
19.8,5.12,78.5,142,26.2,6.95,162.5
29.1,8.21,52.2,199,31.7,7.59,161.3
23.9,8.04,35.0,195,23.3,7.89,147.3
21.1,7.73,55.3,43,12.9,7.53,56.7
23.5,6.16,18.6,232,28.3,8.48,163.1
29.8,6.95,72.2,317,7.8,7.72,374.8
23.9,7.97,45.2,218,20.5,7.24,211.4
21.9,7.48,41.5,184,10.7,8.04,157.1
25.6,9.94,51.0,84,11.5,6.84,151.0
20.9,5.68,53.7,211,12.1,7.27,203.7
18.9,8.48,15.0,239,18.5,7.19,182.1
19.5,7.02,57.8,104,6.8,7.36,180.3
19.5,7.14,26.9,306,18.9,8.06,238.9
19.8,8.59,60.0,162,22.9,7.47,156.6
19.7,8.46,67.6,88,21.9,8.09,130.9
25.7,9.96,66.3,211,18.4,7.65,272.8
20.2,5.64,48.7,350,34.4,7.18,254.5
22.1,5.52,46.4,93,10.1,8.12,120.7
28.8,8.62,20.0,356,22.7,6.98,296.8
23.7,7.89,64.3,289,7.2,6.95,354.2
26.0,6.37,29.0,222,7.5,7.51,226.7
20.1,5.4,44.8,172,25.1,7.02,173.8
20.3,5.43,29.9,133,24.8,6.52,95.6
18.5,9.47,19.4,243,35.7,7.8,138.2
20.0,5.96,54.1,271,24.5,7.52,220.3
21.3,6.62,13.8,238,38.6,7.39,114.4
20.1,6.13,62.4,122,6.7,8.43,175.1
19.1,6.77,32.2,171,8.4,7.64,157.8
19.4,5.35,10.0,141,6.5,8.23,96.3
23.5,7.6,45.8,88,11.5,6.78,167.6
20.5,5.34,13.3,72,23.9,7.64,50.0
22.4,9.0,29.3,236,27.6,8.24,215.1
24.0,6.17,59.5,297,6.6,7.67,349.0
26.3,7.7,14.4,325,38.1,7.94,170.1
18.5,9.4,68.8,147,34.5,7.24,143.6
27.6,8.25,10.3,49,15.4,6.68,69.7
25.5,7.66,27.3,251,7.7,7.42,230.0
19.0,6.62,61.9,195,10.9,7.29,236.5
28.5,6.67,32.1,160,9.4,8.23,149.7
29.1,8.35,17.1,185,9.3,6.99,136.6
18.7,9.97,35.2,213,23.1,8.43,177.6
21.3,8.31,28.9,119,13.6,8.42,98.3
27.7,7.79,69.0,123,17.5,7.0,141.1
27.0,8.65,31.9,42,39.6,7.2,50.0
20.2,7.33,65.2,351,29.0,8.29,243.7
20.5,5.3,72.4,322,38.2,8.43,215.1
22.4,7.81,40.4,259,10.0,7.39,341.2
23.8,9.79,73.7,351,18.4,7.14,406.7
25.4,5.88,36.4,321,24.4,7.55,238.8
22.4,8.45,77.5,55,7.7,7.88,196.0
23.6,6.0,16.3,104,5.1,7.05,105.4
27.0,7.68,58.1,328,28.5,7.97,265.5
18.4,5.48,44.6,179,27.5,6.6,92.5
21.0,7.25,37.1,177,19.4,6.6,167.0
26.6,8.78,54.3,37,22.1,7.27,119.8
28.7,6.74,59.3,58,19.5,7.21,66.4
24.1,8.32,10.3,325,5.8,7.13,267.9
24.4,8.98,21.7,238,16.7,7.48,257.9
19.3,9.64,59.9,157,11.2,7.14,257.5
23.4,6.17,56.6,145,8.4,6.88,149.0
24.4,7.0,77.6,173,38.5,7.12,180.2
20.9,5.76,63.3,347,26.0,8.45,288.5
21.2,9.96,76.6,264,30.5,7.32,256.7
22.5,9.64,59.2,36,16.0,7.39,83.5
18.2,7.7,30.9,74,18.8,7.65,91.4
21.9,9.21,17.4,268,13.3,8.47,238.6
20.5,7.6,64.7,184,8.4,6.98,247.0
21.9,8.12,55.1,210,11.3,7.86,227.1
19.4,5.45,13.4,244,32.9,7.93,100.9
28.7,8.78,35.2,117,28.7,7.71,50.0
25.1,5.64,77.0,285,24.1,6.68,271.8
26.1,9.13,45.0,102,21.6,7.85,157.0
27.5,8.91,40.3,208,37.3,6.63,124.9
24.0,8.54,42.0,241,7.5,7.69,241.0
19.0,5.18,24.6,322,14.8,7.98,257.1
24.4,6.52,35.8,263,17.2,6.92,261.7
25.0,6.32,35.9,268,32.4,8.18,171.8
26.9,6.8,13.7,252,39.7,6.56,118.4
23.2,5.44,63.7,148,13.4,8.19,181.3
19.5,9.68,39.2,342,35.6,7.42,262.8
21.4,7.77,67.6,293,34.1,6.94,283.4
22.4,6.53,69.5,236,12.9,6.77,330.7
25.8,6.98,24.8,124,19.0,8.41,53.2
24.8,7.24,56.0,251,19.3,6.65,283.7
22.3,8.0,43.1,305,39.2,6.9,230.8
29.8,7.58,71.6,260,11.3,7.2,328.9
25.3,9.6,25.1,338,33.0,7.74,280.0
20.8,7.48,57.4,148,16.7,7.59,176.7
19.2,9.96,52.5,297,30.6,6.75,277.1
19.8,9.26,30.7,302,19.7,7.08,262.4
21.0,6.04,19.6,93,25.2,6.98,50.0
19.9,9.65,55.6,327,34.1,6.93,299.6
20.2,5.58,61.7,40,33.1,7.32,50.0
21.4,9.09,32.1,127,35.3,7.91,97.1
20.1,6.9,55.1,100,7.1,6.93,158.0
28.8,9.39,37.7,87,29.2,7.23,50.0
19.0,9.34,59.9,319,9.9,7.28,333.5
24.3,9.03,23.9,280,19.6,8.45,248.3
22.9,8.95,72.3,305,24.2,8.41,290.6
29.8,6.52,30.1,79,19.1,8.1,50.0
19.3,5.4,35.7,245,23.2,6.98,220.3
22.8,7.01,14.1,81,39.9,6.64,50.0
29.6,5.87,17.8,300,9.7,7.13,263.5
28.4,8.47,46.1,113,28.6,7.03,92.7
27.8,6.73,28.7,322,18.9,7.51,279.3
21.1,9.88,68.5,155,9.7,8.06,271.9
20.1,8.2,11.0,325,10.6,8.22,250.7
26.0,9.11,36.5,101,38.2,8.19,95.6
29.2,5.66,33.6,325,35.8,7.22,224.7
24.7,9.31,11.4,265,36.7,7.87,151.6
24.9,9.61,18.7,85,39.7,7.13,98.2
21.4,7.44,39.0,139,12.3,6.62,166.9
27.2,8.03,44.5,221,17.4,7.9,230.4
20.2,8.82,38.3,122,28.4,6.52,91.6
21.9,5.87,47.2,85,21.9,7.32,74.0
23.1,7.51,51.7,89,19.6,7.16,133.7
24.1,6.99,10.7,167,17.5,7.89,175.2
20.9,5.73,42.5,68,25.8,8.03,50.0
19.4,6.84,77.4,57,25.1,7.11,94.5
25.3,5.34,46.3,78,10.7,8.12,140.7
21.5,5.13,57.4,154,21.5,7.09,147.4
25.0,5.68,31.8,42,24.4,7.39,50.0
19.9,9.82,64.2,65,25.0,7.95,120.8
23.8,7.75,64.1,130,12.4,7.89,186.2
24.4,9.83,46.5,311,31.0,8.47,270.8
18.6,7.16,78.3,115,5.9,6.95,213.0
22.0,6.56,18.8,33,17.4,7.82,50.0
19.6,7.53,11.2,252,32.3,7.72,168.6
18.8,7.2,63.9,195,24.7,8.33,156.2
29.9,5.53,66.5,307,14.1,6.81,276.1
21.9,8.2,18.4,159,29.3,8.0,63.1
27.7,6.08,28.6,60,24.9,7.64,50.0
21.1,8.1,11.2,40,32.9,7.05,50.0
26.2,8.25,30.5,331,30.7,7.45,250.5
27.1,5.76,64.1,125,26.4,7.17,144.6
25.1,5.31,46.3,219,22.1,7.66,149.4
23.7,8.9,34.4,221,9.7,8.28,187.8
22.9,7.3,36.0,295,14.1,7.64,262.9
22.2,5.29,10.1,157,19.7,7.76,113.1
29.2,9.97,31.0,267,26.0,7.54,229.9
28.0,5.29,55.3,141,23.0,6.6,103.5
29.6,8.48,78.2,345,15.1,6.97,391.8
19.5,9.92,69.3,174,5.2,7.48,243.6
26.8,6.2,11.7,94,22.4,7.12,69.1
29.3,5.71,72.9,276,15.0,6.86,269.5
20.2,5.61,64.8,252,30.7,7.51,187.0
18.8,6.52,64.6,342,5.8,7.15,346.1
26.9,5.51,42.1,135,25.5,7.02,127.8
24.9,8.46,37.9,210,38.0,7.43,167.7
28.1,5.31,31.2,213,11.1,6.77,214.1
19.7,7.55,14.6,255,21.5,8.36,183.8
27.5,9.98,26.0,294,8.2,8.24,244.7
20.4,9.07,27.3,307,26.9,7.92,292.6
20.0,8.08,43.9,118,24.3,6.71,120.3
20.0,6.53,62.3,205,19.3,8.05,211.0
27.8,8.12,43.2,47,23.2,8.12,50.0
26.0,7.64,14.0,135,36.4,8.04,79.0
24.3,7.13,77.0,300,11.9,6.73,315.9
22.3,5.65,76.0,348,5.8,7.79,393.3
28.5,9.43,65.0,196,35.2,8.17,113.0
22.7,7.25,79.4,42,25.2,7.65,113.3
27.8,5.97,48.1,61,36.2,7.79,50.0
23.3,6.84,77.4,69,25.9,7.42,124.4
22.5,7.07,15.3,177,33.4,7.56,136.6
23.6,9.14,35.6,247,20.0,6.57,259.2
21.6,8.67,25.8,248,31.2,7.78,213.3
27.0,8.85,23.7,111,37.0,6.66,81.1
24.0,5.06,19.9,362,25.0,7.37,262.1
20.8,7.08,53.6,237,11.3,7.09,274.8
28.8,7.41,64.7,230,14.4,7.59,205.1
22.6,5.1,50.5,361,12.0,6.77,322.2
24.5,6.3,20.3,67,13.6,7.88,106.2
28.9,8.8,66.8,240,15.7,8.09,246.0
25.5,5.69,54.5,356,24.4,6.83,261.5
19.4,7.68,37.2,278,25.6,6.71,271.5
29.3,6.08,57.2,256,19.9,6.79,244.4
25.5,5.06,28.2,77,26.5,8.25,50.0
22.0,6.21,34.2,47,7.9,7.56,64.1
19.7,9.88,74.2,324,8.1,7.43,386.0
27.5,9.01,30.3,225,11.0,6.71,236.3
25.4,9.8,42.9,216,23.1,7.8,194.3
24.4,7.44,72.3,253,12.5,8.24,284.4
28.7,5.55,59.5,347,14.9,8.16,270.8
27.5,7.74,14.4,258,19.0,7.75,193.2
19.8,7.27,20.3,106,33.4,6.65,61.7
21.7,9.22,10.5,217,5.5,6.72,205.2
21.0,5.49,54.2,299,27.7,6.6,287.0
26.9,7.44,41.3,124,28.4,7.01,70.3
18.4,5.75,19.4,339,33.0,6.77,201.4
24.8,6.62,77.1,161,37.6,7.02,137.5
27.1,8.69,47.1,68,5.7,7.27,143.2
28.5,7.38,26.9,101,10.4,8.39,131.2
22.1,6.88,45.0,310,36.0,7.72,205.5
27.9,6.97,57.6,362,21.0,8.17,303.3
19.3,7.3,15.3,189,24.8,7.92,134.6
28.2,8.93,29.2,216,28.2,6.73,168.8
19.5,9.46,66.5,220,28.8,7.97,214.0
22.8,9.78,42.2,149,37.6,7.05,102.5
27.6,8.93,48.3,249,39.9,7.78,179.5
19.8,6.58,40.3,82,30.2,7.18,85.0
20.8,8.44,13.1,251,15.1,8.5,158.1
26.7,7.19,21.6,160,35.8,7.03,71.2
26.6,6.27,41.2,266,6.7,7.06,232.1
25.7,9.2,24.6,275,13.1,8.36,266.5
26.3,5.19,13.5,255,36.4,6.55,159.7
24.5,9.51,69.1,237,14.0,7.89,285.9
21.0,7.31,78.7,125,12.7,7.95,161.2
22.1,8.19,65.5,229,9.8,8.17,245.6
20.2,8.3,69.8,276,35.1,8.45,216.1
28.9,9.48,26.9,101,22.5,8.45,66.8
25.0,8.18,77.2,347,28.6,6.63,356.8
22.8,8.07,23.8,214,13.4,8.14,183.2
23.5,5.33,76.6,35,31.5,7.79,65.0
29.4,7.59,79.6,235,31.6,7.79,205.8
19.8,5.75,59.8,61,15.9,6.76,72.6
25.0,8.69,78.7,128,19.4,7.8,183.3
24.1,7.56,49.9,285,12.3,8.46,294.1
25.3,8.4,28.2,216,39.2,8.32,150.7
18.2,5.21,40.6,105,27.6,7.38,55.7
28.5,5.42,51.5,206,37.7,6.58,94.3
29.2,8.58,15.1,344,15.6,7.22,316.3
24.8,5.36,53.6,316,32.4,8.15,217.8
26.4,5.36,78.7,284,31.8,7.9,250.9
29.1,5.06,23.3,354,29.2,7.42,236.2
26.5,9.78,65.5,219,38.8,6.61,188.7
19.8,8.69,73.6,337,18.8,7.35,337.0
24.9,6.77,76.1,156,9.6,7.44,248.1
25.3,6.48,77.2,316,28.5,8.36,193.3
23.1,6.75,46.5,283,30.5,7.78,257.3
26.8,8.87,78.4,242,25.1,7.12,246.2
29.2,8.31,63.0,279,12.2,7.55,308.3
29.1,5.93,21.3,113,22.7,6.63,70.0
23.4,5.87,43.4,42,15.9,8.45,89.2
19.4,5.49,60.3,74,20.0,7.22,99.2
29.8,8.3,27.3,156,27.6,7.46,89.2
28.1,8.82,54.8,143,31.1,7.21,98.9
19.5,6.33,56.7,305,13.1,7.87,280.9
29.1,5.1,21.4,234,19.2,7.82,112.0
28.4,5.41,49.6,302,14.4,7.93,250.8
24.2,9.84,64.0,87,12.0,7.04,177.7
25.1,6.48,44.9,357,32.4,7.13,270.5
22.8,8.85,10.8,248,36.8,6.75,158.3
18.7,8.12,10.6,138,18.0,7.81,92.1
22.0,6.91,35.0,308,31.3,6.58,220.3
27.6,6.03,74.8,203,36.4,7.7,104.4
18.1,5.61,26.0,357,34.6,8.24,177.9
22.0,8.08,54.4,293,11.4,8.28,315.5
22.8,8.87,25.5,344,38.5,7.4,272.1
24.4,8.22,32.5,140,18.2,7.42,109.9
29.0,7.65,69.4,216,16.9,6.65,212.7
22.2,5.21,61.0,298,7.2,7.84,337.4
22.2,9.84,16.7,258,22.0,8.14,194.0
26.9,8.99,40.0,185,8.8,6.99,221.7
23.4,6.46,12.0,218,13.7,7.34,230.1
20.7,9.9,43.7,301,16.1,8.18,280.7
23.4,8.01,56.4,31,33.3,8.25,50.0
19.7,7.91,18.3,275,35.6,6.99,170.7
20.1,8.74,30.2,239,15.6,7.6,271.5
24.0,9.06,37.8,315,35.1,6.88,269.5
23.0,8.28,74.4,42,35.0,6.7,70.3
29.0,5.64,79.5,125,31.8,8.32,87.3
22.3,6.69,13.1,250,10.1,8.14,226.1
25.0,9.64,63.3,267,29.2,8.02,274.9
25.6,6.12,36.0,123,38.1,6.6,50.0
18.2,6.86,37.5,298,28.9,8.19,222.7
26.0,7.16,62.8,200,16.6,7.38,226.7
20.1,7.2,74.3,123,22.5,7.18,160.5
29.5,8.06,76.6,178,27.6,7.59,161.1
19.8,9.72,50.4,141,22.9,6.68,143.1
23.0,6.2,35.0,84,9.2,8.01,84.6
19.0,5.61,65.1,145,15.9,7.66,132.6
30.0,5.99,27.6,172,33.1,6.87,95.4
24.0,9.43,49.5,230,35.1,6.88,197.9
25.1,8.23,35.1,209,9.8,6.87,201.5
18.8,6.43,56.0,231,38.3,6.61,207.7
27.0,9.08,26.8,82,16.5,7.68,69.8
20.5,9.31,23.4,209,28.2,8.18,177.2
28.8,9.23,74.3,342,31.3,6.53,270.9
20.5,9.59,17.1,337,33.4,6.6,250.1
20.3,6.26,45.4,166,38.1,7.65,91.2
18.4,8.78,25.5,211,16.0,8.14,162.2
23.7,7.3,12.7,30,35.0,7.15,50.0
24.8,9.21,12.5,73,9.6,7.2,116.3
18.8,8.64,22.3,256,29.7,7.69,158.0
27.3,8.88,70.7,360,31.0,7.05,311.6
23.4,8.28,29.8,127,28.7,6.55,62.6
24.3,5.89,76.5,237,13.8,7.97,278.0
23.3,7.73,50.7,294,35.6,7.75,205.6
22.8,9.92,40.6,317,10.9,7.66,334.4
24.7,9.69,50.6,300,6.9,7.98,353.5
19.9,5.22,46.2,169,30.1,7.85,115.6
20.2,5.82,63.1,266,21.6,6.91,229.2
28.3,5.66,29.8,101,34.7,7.2,60.7
29.4,8.63,34.7,184,18.4,6.75,159.4
22.5,9.09,72.6,219,10.9,6.76,253.3
21.2,6.07,76.3,297,34.3,7.85,242.3
25.7,7.53,72.5,350,24.2,8.22,341.1
22.9,9.2,39.4,136,11.6,8.43,148.5
18.3,8.66,64.6,261,30.2,7.76,250.2
19.9,7.71,43.3,71,22.9,6.87,57.4
26.6,7.95,44.8,219,26.2,6.71,176.9
25.9,7.54,24.3,168,21.1,8.13,107.3
18.3,6.49,51.4,132,34.0,7.66,99.5
20.7,7.83,23.0,200,34.0,7.74,121.1
20.8,8.44,33.2,302,29.8,8.06,203.2
26.1,9.37,69.9,250,8.7,7.91,299.4
18.2,8.18,24.5,242,34.4,8.17,63.3
19.2,8.81,15.0,85,28.5,6.61,57.3
27.6,5.8,14.8,131,29.4,8.0,50.0
20.1,7.31,75.9,221,17.7,8.2,175.6
25.8,5.05,45.5,339,35.8,7.07,211.6
20.9,6.23,38.7,229,30.4,7.78,152.0
19.2,8.63,66.8,262,8.9,7.13,276.0
20.9,9.96,68.5,256,19.3,8.42,290.5
26.7,5.5,33.3,168,36.0,6.57,96.0
28.3,7.01,58.6,334,6.7,7.66,354.2
28.0,9.0,64.0,178,38.6,6.83,84.9
22.8,6.02,55.8,144,28.8,7.92,110.9
26.0,7.78,20.6,92,27.1,6.85,50.0
20.5,8.67,71.3,133,14.5,6.97,173.5
21.5,8.08,47.7,185,13.7,7.49,201.5
28.8,5.94,29.8,302,38.0,8.33,138.8
18.2,6.78,39.8,35,15.4,6.92,57.2
19.0,8.92,12.6,176,32.1,6.79,119.4
20.5,7.77,19.0,213,18.8,8.02,183.9
18.3,5.03,63.6,57,9.9,7.5,97.5
20.2,8.8,10.0,67,5.4,8.32,130.2
25.0,5.18,39.2,148,24.0,6.79,150.5
23.1,8.73,46.6,322,39.2,7.79,247.2
28.7,6.01,13.8,273,17.9,6.97,191.4
27.8,9.79,78.1,97,17.5,6.81,205.7
22.1,6.84,25.8,243,17.0,7.87,232.3
21.1,6.63,31.3,247,23.2,7.69,160.6
22.6,5.74,31.3,206,20.4,8.01,191.5
25.1,6.53,26.1,328,35.8,7.12,228.2
21.2,9.38,10.1,193,22.7,7.4,135.5
25.5,9.98,61.1,87,22.8,7.31,96.0
22.9,6.84,77.7,298,9.8,8.47,319.8
24.6,7.24,25.7,337,39.4,7.08,234.8
23.2,8.61,56.4,87,13.7,7.09,199.0
21.5,9.43,61.9,317,7.6,7.21,393.3
29.4,7.97,69.4,134,28.2,7.63,122.2
27.2,6.96,39.6,257,25.8,7.0,222.8
19.7,7.06,31.2,276,19.5,8.33,234.8
28.4,8.48,32.8,217,19.8,7.03,200.3
23.8,5.02,59.9,112,32.5,8.29,67.0
28.7,8.1,67.2,215,11.8,6.71,237.4
27.6,6.78,22.7,281,33.7,7.81,186.3
23.1,8.97,36.0,267,27.7,8.31,229.4
18.3,5.46,73.1,213,19.7,6.84,202.5
21.2,7.94,66.5,313,21.0,8.44,227.9
24.5,7.4,78.9,239,14.0,7.41,264.6
25.6,8.21,62.8,333,31.3,8.39,297.9
21.1,5.32,37.5,325,23.0,7.85,199.4
19.7,7.9,51.3,126,16.2,7.1,185.1
28.0,7.81,56.3,237,25.9,6.88,243.3
29.8,7.8,15.5,166,39.9,7.11,67.3
24.3,8.02,48.1,213,20.2,6.69,234.9
20.1,8.38,59.7,105,37.2,6.79,98.2
21.3,9.02,21.7,316,17.1,6.71,274.8
18.2,6.35,64.6,171,6.9,7.35,181.1
29.0,9.13,50.9,266,12.1,8.09,294.4
19.4,7.49,76.7,54,19.7,6.78,142.3
24.9,5.39,13.0,319,12.7,6.76,232.7
21.3,5.29,28.6,96,5.0,7.79,79.2
24.7,6.67,52.1,279,37.0,6.89,215.6
25.8,8.92,30.8,147,34.5,6.7,88.4
28.0,8.54,60.0,102,31.0,6.83,107.5
20.5,8.94,63.1,311,10.9,8.35,354.9
18.1,7.59,17.2,39,9.2,8.14,50.0
19.6,7.2,46.0,240,7.4,7.21,302.4
28.8,5.74,45.6,352,30.3,7.81,247.2
28.5,6.64,35.8,181,37.5,7.57,113.5
25.2,7.17,75.3,34,20.1,7.85,111.8
25.2,5.44,67.9,224,9.2,7.87,276.4
26.0,6.1,58.8,312,22.9,7.76,281.7
20.1,7.99,60.0,142,17.2,7.03,184.4
29.0,8.68,42.3,300,18.1,6.58,278.3
23.0,9.99,74.5,192,26.7,7.41,218.3
22.6,9.67,58.6,134,30.2,8.28,92.5
24.2,8.21,61.0,210,8.9,7.64,240.0
18.6,7.11,70.3,73,6.2,8.16,134.5
20.0,8.18,29.2,311,39.8,8.48,166.5
26.9,8.93,66.5,204,13.1,6.83,235.1
19.0,5.59,23.7,191,6.9,7.88,214.1
25.2,7.05,34.2,169,11.6,7.85,200.6
20.9,9.2,33.5,161,6.4,8.46,178.2
22.7,6.92,78.5,116,18.7,8.47,171.6
21.5,7.86,70.0,205,33.1,7.87,176.2
22.3,7.94,59.1,212,16.9,6.99,243.9
26.6,5.92,60.9,158,20.5,8.1,166.5
21.6,6.81,49.3,275,28.6,6.71,216.7
24.8,6.67,76.3,118,22.8,8.06,133.0
23.7,5.13,44.7,95,35.2,8.32,72.2
26.0,5.12,36.6,187,35.3,7.27,133.8
29.2,9.16,21.4,178,5.3,7.76,134.1
26.8,6.37,65.0,145,32.2,7.36,115.8
20.6,7.59,61.4,243,21.1,7.38,227.0
18.4,6.49,36.9,323,39.6,7.12,193.4
21.1,9.7,11.8,282,21.9,8.02,243.8
25.1,6.3,68.7,172,39.5,8.37,123.7
18.6,7.15,10.8,279,31.4,8.38,116.5
24.0,9.36,59.3,331,13.7,6.85,352.9
25.2,9.21,77.9,54,23.8,8.25,126.2
22.0,5.93,40.6,306,39.7,7.97,191.9
27.3,9.01,26.4,99,35.0,7.01,50.0
19.3,7.29,59.3,142,8.4,6.63,193.6
18.9,7.41,67.2,141,29.7,7.04,177.8
26.7,5.67,48.3,332,17.1,8.32,294.3
23.9,5.4,77.7,120,5.2,7.77,237.7
26.3,8.64,13.6,47,19.1,7.94,50.0
23.2,7.48,45.3,178,13.2,7.01,209.6
21.0,7.18,60.3,256,33.7,7.94,204.5
27.8,8.65,70.4,243,16.8,6.56,270.5
27.6,8.83,22.5,180,34.0,7.25,133.6
26.3,5.79,66.0,221,5.0,7.75,242.7
21.3,8.05,48.7,69,15.8,6.79,126.4
25.1,5.68,37.8,271,13.4,8.15,202.7
22.3,8.76,19.2,167,13.2,6.97,141.7
19.1,8.28,70.6,209,7.4,7.8,315.2
29.0,9.78,21.0,229,11.5,7.31,214.5
19.6,5.34,31.7,232,24.4,7.69,181.8
29.4,5.29,30.3,90,15.2,6.71,113.5
23.4,6.41,71.0,221,19.6,6.53,180.4
